{"cameraMode":{"drawMode":0,"name":"Shaded","section":"Shading Mode"},"sceneLighting":true,"audioPlay":false,"sceneViewState":{"m_AlwaysRefresh":false,"showFog":true,"showSkybox":true,"showFlares":true,"showImageEffects":true,"showParticleSystems":true,"showVisualEffectGraphs":true,"m_FxEnabled":true},"in2DMode":false,"pivot":{"x":-12.101310729980469,"y":0.5876287221908569,"z":-5.333157062530518},"rotation":{"x":-0.03021928295493126,"y":0.5733868479728699,"z":-0.02116025798022747,"w":-0.8184834718704224},"size":2.1422832012176515,"orthographic":false}