{"cameraMode":{"drawMode":0,"name":"Shaded","section":"Shading Mode"},"sceneLighting":true,"audioPlay":false,"sceneViewState":{"m_AlwaysRefresh":false,"showFog":true,"showSkybox":true,"showFlares":true,"showImageEffects":true,"showParticleSystems":true,"showVisualEffectGraphs":true,"m_FxEnabled":true},"in2DMode":false,"pivot":{"x":8.05999755859375,"y":-2.8392279148101808,"z":-2.3244619369506838},"rotation":{"x":0.3941754996776581,"y":0.10496537387371063,"z":-0.045371681451797488,"w":0.9119030237197876},"size":11.087895393371582,"orthographic":false}