{"cameraMode":{"drawMode":0,"name":"Shaded","section":"Shading Mode"},"sceneLighting":true,"audioPlay":false,"sceneViewState":{"m_AlwaysRefresh":false,"showFog":true,"showSkybox":true,"showFlares":true,"showImageEffects":true,"showParticleSystems":true,"showVisualEffectGraphs":true,"m_FxEnabled":true},"in2DMode":false,"pivot":{"x":1.2012438774108887,"y":-0.2961883544921875,"z":1.8403940200805665},"rotation":{"x":0.3839488923549652,"y":0.042084500193595889,"z":-0.017520254477858545,"w":0.9222331047058106},"size":12.722689628601075,"orthographic":false}